N,pi_estimate,error
100,3.0400000000,0.1015926536
1000,3.1160000000,0.0255926536
10000,3.1384000000,0.0031926536
100000,3.1380000000,0.0035926536
1000000,3.1417880000,0.0001953464
